time_aligned,finger,hand_label,detected,accel_x,accel_y,accel_z,gyro_x,gyro_y,gyro_z,pos_x,pos_y,pos_z
0.005323,thumb,Left,1,32.5344,14.1686,-78.4145,-0.094427,-0.190990,-0.288448,-25.108,-23.267,7.036
0.005323,index,Left,1,-60.4474,-36.8013,2.9569,-0.045762,-0.040936,-0.581064,0.044,-40.455,24.955
0.005323,middle,Left,1,-36.0307,-37.0861,-22.1539,-0.114765,-0.092599,-0.174394,24.677,-51.712,25.596
0.005323,ring,Left,1,-43.1561,-13.7183,-9.3030,-0.075008,-0.006446,0.051610,35.449,-42.161,26.749
0.005323,pinky,Left,1,-39.6424,6.9242,15.6175,-0.037562,0.002847,0.029157,33.823,-21.723,28.835
0.046215,thumb,Left,1,18.2968,5.0176,-34.3368,-0.077829,-0.202757,-0.080567,-24.598,-22.950,7.139
0.046215,index,Left,1,-25.1116,-35.2409,-5.7162,-0.062982,0.029672,0.019130,0.037,-39.860,24.844
0.046215,middle,Left,1,-44.7861,-54.9230,5.7755,-0.086334,-0.083116,-0.145887,24.745,-51.099,25.946
0.046215,ring,Left,1,-44.9021,-0.0746,-16.6246,-0.092001,-0.042596,-0.028582,35.537,-41.614,26.446
0.046215,pinky,Left,1,-18.7381,14.9469,9.2625,-0.099543,-0.048396,-0.126281,33.708,-21.623,28.499
0.086991,thumb,Left,1,19.2439,-20.3332,-35.3167,-0.072046,-0.262685,0.324231,-23.743,-22.096,7.336
0.086991,index,Left,1,-31.8428,-47.1343,-14.2863,-0.025462,0.001661,-0.694523,0.112,-38.785,24.965
0.086991,middle,Left,1,-28.3845,-73.8196,-12.6887,-0.071396,-0.004013,0.114612,24.221,-50.140,26.113
0.086991,ring,Left,1,-43.0643,-20.7067,-22.7947,-0.142306,-0.037771,0.070771,35.150,-40.888,26.333
0.086991,pinky,Left,1,-18.2330,3.7030,-9.7503,-0.188878,-0.075475,-0.047664,33.217,-21.085,28.257
0.128109,thumb,Left,1,39.5743,-7.4449,-47.3098,-0.100135,-0.185136,0.212632,-23.298,-21.964,8.329
0.128109,index,Left,1,-18.6930,-39.9595,-11.5687,0.012962,-0.043806,-1.186739,0.271,-38.444,25.551
0.128109,middle,Left,1,-8.6820,-61.2444,-20.1366,-0.051983,0.013019,0.184321,24.038,-49.666,26.446
0.128109,ring,Left,1,-24.2232,-10.4047,-25.6476,-0.185349,-0.029968,0.126564,35.193,-40.523,26.419
0.128109,pinky,Left,1,0.7877,-2.5516,-34.7414,-0.220144,-0.011120,0.094207,33.093,-20.623,28.070
0.169240,thumb,Left,1,42.0339,53.4592,-41.9813,-0.127795,-0.019681,-0.012500,-23.432,-22.439,9.575
0.169240,index,Left,1,-13.0978,-3.2670,50.0259,0.041182,-0.114829,-1.614734,0.533,-39.360,26.094
0.169240,middle,Left,1,15.7353,-24.3034,5.7954,-0.019485,-0.028952,0.071804,24.165,-50.047,26.616
0.169240,ring,Left,1,-12.4193,-2.1730,27.5579,-0.144243,-0.000875,0.227455,35.655,-40.960,26.770
0.169240,pinky,Left,1,-9.6409,12.6769,-10.4060,-0.133731,0.016120,0.183657,33.367,-20.655,28.214
0.211106,thumb,Left,1,43.6415,128.4919,-23.5416,-0.205832,0.125176,-0.109629,-23.615,-22.985,11.215
0.211106,index,Left,1,-14.8662,41.4665,96.1032,0.049598,-0.165275,-1.653950,1.040,-40.052,26.571
0.211106,middle,Left,1,8.7762,33.6233,37.0734,-0.026669,-0.096410,-0.075218,24.713,-50.253,26.492
0.211106,ring,Left,1,0.6940,35.9386,62.0403,-0.125631,0.021858,0.262719,36.314,-41.231,26.781
0.211106,pinky,Left,1,12.5486,32.0829,20.9089,-0.036667,0.104516,0.218301,33.689,-20.828,27.952
0.251359,thumb,Left,1,12.6724,75.2559,12.3010,-0.177377,0.061950,0.232900,-23.266,-22.882,11.045
0.251359,index,Left,1,-30.9457,64.5186,62.9422,0.042255,-0.198040,-1.661978,1.614,-40.029,26.346
0.251359,middle,Left,1,2.9132,75.4323,22.0037,-0.093323,-0.141729,-0.172195,25.210,-50.188,25.912
0.251359,ring,Left,1,18.1437,48.1419,55.6669,-0.162407,0.039744,0.302346,36.679,-41.311,26.502
0.251359,pinky,Left,1,29.9651,24.5033,30.2569,-0.068375,0.144166,0.203970,33.723,-20.877,27.509
0.292260,thumb,Left,1,-9.1933,21.9960,-6.0870,-0.167266,0.037272,-0.174052,-23.236,-22.376,11.709
0.292260,index,Left,1,-33.5540,39.1573,15.7644,0.068220,-0.184165,-1.316632,1.943,-40.126,26.404
0.292260,middle,Left,1,-15.6871,72.1310,18.9675,-0.105745,-0.161259,-0.172504,25.864,-50.479,26.003
0.292260,ring,Left,1,17.1325,40.3942,14.6022,-0.145299,0.050369,0.386497,36.970,-41.266,26.293
0.292260,pinky,Left,1,42.0424,24.5586,20.2651,-0.136124,0.120768,0.195013,34.200,-20.987,27.224
0.333309,thumb,Left,1,-50.9243,12.1999,10.0233,-0.165698,0.036660,-0.888450,-24.392,-22.761,12.686
0.333309,index,Left,1,-18.7084,53.4290,40.9761,0.044249,-0.155256,-0.674151,2.413,-41.715,27.064
0.333309,middle,Left,1,2.9824,61.3762,81.6775,-0.085503,-0.111272,0.005768,26.614,-52.067,26.893
0.333309,ring,Left,1,12.4258,22.3492,47.9528,-0.066101,-0.024615,0.210896,37.626,-42.128,27.045
0.333309,pinky,Left,1,28.7152,46.5486,62.6126,-0.097361,0.087711,0.214031,35.386,-21.872,27.731
0.374028,thumb,Left,1,-81.0617,91.3682,-34.2572,-0.229115,0.075359,-1.355044,-25.484,-22.731,14.547
0.374028,index,Left,1,9.8576,70.0356,107.0678,0.000928,-0.098928,0.263998,2.879,-43.538,27.751
0.374028,middle,Left,1,8.6072,40.2744,178.2093,-0.054565,-0.092074,0.136673,27.644,-53.848,28.371
0.374028,ring,Left,1,-2.0953,21.5662,101.6897,-0.024151,-0.074777,0.108732,38.570,-43.077,27.986
0.374028,pinky,Left,1,31.4411,76.1298,104.8728,-0.077989,0.069327,0.211247,36.687,-22.850,27.890
0.415253,thumb,Left,1,-79.2397,111.0519,-7.8766,-0.244884,0.113651,-1.549999,-26.047,-23.107,15.643
0.415253,index,Left,1,30.3073,83.6226,120.4532,-0.006026,-0.008146,1.070729,3.128,-44.896,27.926
0.415253,middle,Left,1,28.3036,23.9305,209.0250,-0.032287,0.000138,0.430680,28.219,-55.520,29.605
0.415253,ring,Left,1,-13.3567,20.6605,145.0635,-0.044996,-0.116058,-0.008431,39.464,-43.920,29.034
0.415253,pinky,Left,1,37.7089,77.6384,115.2075,-0.101551,0.125039,0.210999,37.839,-23.628,27.763
0.456125,thumb,Left,1,-41.8690,44.2932,23.2396,-0.162489,0.243297,-1.204048,-26.484,-23.519,15.362
0.456125,index,Left,1,35.9653,66.3835,66.4382,0.000768,-0.000397,0.902595,3.219,-46.109,27.974
0.456125,middle,Left,1,19.7030,13.8745,176.5081,-0.038923,0.020875,0.474248,28.992,-57.158,30.761
0.456125,ring,Left,1,-6.7820,29.0936,121.6995,-0.059280,-0.076176,0.074708,40.407,-44.968,29.690
0.456125,pinky,Left,1,60.7665,64.5383,83.3650,-0.167847,0.153891,0.106633,39.212,-24.622,27.499
0.497442,thumb,Left,1,-46.9851,42.9302,59.1431,-0.295378,0.346646,-0.921432,-28.004,-24.395,16.757
0.497442,index,Left,1,36.0589,44.9515,62.0035,0.019134,-0.057041,0.501494,3.477,-48.038,28.949
0.497442,middle,Left,1,19.0798,-9.8897,157.3932,0.023750,-0.017001,0.370731,29.732,-59.072,32.864
0.497442,ring,Left,1,-5.6281,5.8680,126.0568,0.034390,-0.082645,0.154179,41.140,-46.393,31.334
0.497442,pinky,Left,1,33.0483,65.7920,91.1350,-0.135571,0.124235,0.128321,40.927,-25.853,28.345
0.538471,thumb,Left,1,-45.5452,70.6680,31.8264,-0.426065,0.365493,-0.662453,-28.958,-24.887,18.778
0.538471,index,Left,1,4.6269,19.7218,69.3065,-0.015905,-0.167282,-0.137100,4.272,-49.213,29.801
0.538471,middle,Left,1,-9.8512,-12.5281,98.8596,0.012403,-0.099942,0.115295,30.507,-59.846,33.870
0.538471,ring,Left,1,10.4885,-12.9794,96.8991,0.087118,-0.049647,0.215178,41.480,-47.414,32.242
0.538471,pinky,Left,1,-5.4486,50.3999,107.4673,-0.085821,0.078061,0.141103,42.023,-27.049,29.329
0.579239,thumb,Left,1,-49.4407,154.3296,-36.6639,-0.657452,0.256988,-0.868138,-30.029,-25.059,21.324
0.579239,index,Left,1,-18.4830,0.6557,93.2512,0.007710,-0.188151,-0.137287,4.955,-50.560,30.832
0.579239,middle,Left,1,-21.4207,-48.0682,60.4725,0.060751,-0.146457,-0.055401,30.824,-60.539,35.392
0.579239,ring,Left,1,-13.1600,-58.8053,97.4790,0.132646,-0.088773,0.186424,41.568,-48.310,34.011
0.579239,pinky,Left,1,-67.9460,28.3389,100.4617,-0.048024,-0.009245,0.158468,42.760,-27.775,30.570
0.660728,thumb,Left,1,-23.9890,79.4815,-23.1438,-0.501291,0.136645,-0.875286,-31.161,-25.335,20.027
0.660728,index,Left,1,-22.1683,-9.3880,47.0841,0.034714,-0.160748,0.031845,5.285,-51.715,31.347
0.660728,middle,Left,1,-12.7928,-41.5816,0.4246,0.084020,-0.102213,0.073009,30.516,-61.403,36.147
0.660728,ring,Left,1,-11.8114,-55.3628,49.5961,0.124983,-0.110344,0.118395,41.650,-49.100,35.591
0.660728,pinky,Left,1,-64.3678,1.9432,57.1673,-0.047867,-0.039953,0.122501,43.388,-28.562,31.669
0.701493,thumb,Left,1,-38.1008,-81.3941,83.7038,-0.249082,-0.021285,-0.922928,-32.668,-26.057,17.630
0.701493,index,Left,1,22.8176,-22.8134,-5.2815,0.013871,-0.069130,0.575734,4.825,-52.424,31.459
0.701493,middle,Left,1,25.0929,-49.0933,-45.7992,0.091867,-0.043370,0.216608,30.115,-61.833,36.270
0.701493,ring,Left,1,-13.4940,-60.5260,13.4025,0.138262,-0.216915,-0.359024,41.515,-49.558,36.229
0.701493,pinky,Left,1,-31.9043,-17.6955,-18.0981,-0.050844,-0.077413,-0.099271,43.763,-28.817,31.374
0.742638,thumb,Left,1,-6.0147,-229.7800,214.8770,0.037692,-0.170538,-0.732377,-33.394,-27.038,14.613
0.742638,index,Left,1,21.8236,-30.8401,-119.5252,-0.028934,-0.085438,0.237095,4.752,-51.782,30.477
0.742638,middle,Left,1,58.0806,1.8303,-158.4608,0.000332,0.011939,0.268373,29.688,-61.550,34.633
0.742638,ring,Left,1,21.3372,-25.7914,-87.9392,0.080796,-0.204860,-0.539442,41.178,-49.606,35.493
0.742638,pinky,Left,1,29.0858,-32.1615,-101.6989,-0.125703,-0.016210,-0.210885,43.804,-28.510,30.289
0.783693,thumb,Left,1,51.7233,-212.7759,230.0124,0.227294,-0.296480,-0.688673,-32.756,-28.106,12.406
0.783693,index,Left,1,15.4930,-32.4421,-236.5522,-0.178419,-0.047690,-0.631655,4.222,-49.901,28.249
0.783693,middle,Left,1,53.6138,63.0436,-287.8673,-0.222998,0.057938,-0.091471,29.231,-59.971,31.154
0.783693,ring,Left,1,63.9454,2.7856,-208.8330,-0.050249,-0.085441,-0.641888,40.312,-48.727,32.889
0.783693,pinky,Left,1,76.5389,-44.9217,-211.6575,-0.180065,0.038936,-0.548140,42.938,-26.979,28.052
0.824946,thumb,Left,1,132.3514,-177.9642,150.8020,0.367122,-0.388703,-0.737739,-31.842,-28.399,10.085
0.824946,index,Left,1,-26.5476,-7.7482,-317.4988,-0.314956,-0.074390,-1.480748,4.064,-48.587,25.586
0.824946,middle,Left,1,45.2996,135.1140,-351.0504,-0.416661,0.101754,-0.260753,29.106,-59.130,27.746
0.824946,ring,Left,1,94.8310,35.4155,-278.9168,-0.188193,0.083845,-0.371672,39.666,-48.202,30.556
0.824946,pinky,Left,1,64.0512,-49.6291,-248.2943,-0.267376,0.082109,-0.692265,42.384,-25.723,26.741
0.865762,thumb,Left,1,142.1525,-88.8832,22.3586,0.402984,-0.436794,-0.918686,-31.082,-28.532,9.488
0.865762,index,Left,1,-2.6203,14.7503,-277.2025,-0.429597,-0.069813,-2.084186,3.341,-47.937,23.976
0.865762,middle,Left,1,32.4886,114.7902,-298.6516,-0.457550,0.123110,-0.415939,28.708,-58.544,25.748
0.865762,ring,Left,1,83.9899,35.9340,-253.1996,-0.230400,0.167966,-0.277726,39.206,-47.900,29.116
0.865762,pinky,Left,1,16.5314,-50.6242,-218.3840,-0.284207,0.036488,-0.850657,41.982,-24.658,26.209
0.906463,thumb,Left,1,54.0466,-20.0372,-60.1595,0.358612,-0.436470,-0.761243,-31.367,-28.810,9.774
0.906463,index,Left,1,10.4420,28.2147,-123.9282,-0.446520,-0.102219,-2.188827,2.932,-48.080,23.226
0.906463,middle,Left,1,33.8548,51.0291,-118.3853,-0.428103,0.143690,-0.318750,28.480,-58.875,24.826
0.906463,ring,Left,1,51.9408,26.7080,-111.1898,-0.205286,0.189439,-0.311487,39.074,-48.353,28.272
0.906463,pinky,Left,1,-13.3254,-26.5629,-82.0978,-0.271745,0.058656,-0.857133,42.199,-24.584,25.608
0.988405,thumb,Left,1,11.9756,11.4108,-70.3564,0.318759,-0.396660,-0.722330,-31.738,-29.287,9.380
0.988405,index,Left,1,27.4554,7.3666,-40.1287,-0.331395,-0.098963,-2.093328,2.807,-48.357,23.681
0.988405,middle,Left,1,22.2964,-5.8409,-37.6471,-0.322353,0.110969,-0.339449,27.959,-59.144,25.234
0.988405,ring,Left,1,19.9982,8.7810,-39.3143,-0.155617,0.141222,-0.340634,39.124,-49.062,28.782
0.988405,pinky,Left,1,-18.1025,-19.7659,-28.0206,-0.233820,0.061107,-0.734279,42.508,-24.760,25.420
1.029524,thumb,Left,1,-22.8060,-17.1148,-21.7401,0.271019,-0.370692,-1.101889,-32.112,-29.556,8.025
1.029524,index,Left,1,26.1975,-36.0410,48.4613,-0.206001,-0.059402,-1.360563,2.781,-48.359,24.156
1.029524,middle,Left,1,9.3537,-65.4594,50.4633,-0.231155,0.059663,-0.477101,27.621,-59.224,25.700
1.029524,ring,Left,1,-6.9153,-16.3972,51.2174,-0.157251,0.092752,-0.414405,39.043,-49.697,29.346
1.029524,pinky,Left,1,10.9180,-3.6767,24.0779,-0.232641,0.105819,-0.601466,42.772,-24.890,24.812
1.070912,thumb,Left,1,9.3002,-35.4049,-3.3962,0.175185,-0.325941,-1.638238,-32.058,-29.681,7.422
1.070912,index,Left,1,29.9859,-64.6051,52.3047,-0.103863,-0.000756,-0.826150,2.473,-48.066,24.296
1.070912,middle,Left,1,-9.7333,-109.5470,46.5743,-0.128954,0.050864,-0.462469,27.111,-58.763,26.054
1.070912,ring,Left,1,-40.2150,-39.3282,53.1857,-0.160112,0.064202,-0.407965,38.930,-49.622,29.517
1.070912,pinky,Left,1,-2.0456,-1.4990,11.4881,-0.269563,0.150028,-0.440461,42.964,-24.504,24.346
1.112685,thumb,Left,1,-6.3414,-15.3174,-23.6261,0.023897,-0.310704,-2.130460,-32.228,-29.794,7.948
1.112685,index,Left,1,36.2243,-68.2073,33.2135,0.012385,0.107463,0.507774,2.065,-47.775,24.715
1.112685,middle,Left,1,-19.2018,-109.1644,35.6175,-0.010212,0.079558,-0.227728,26.794,-58.452,26.714
1.112685,ring,Left,1,-47.6868,-35.4866,25.6543,-0.129701,0.067768,-0.277438,38.962,-49.375,29.749
1.112685,pinky,Left,1,-3.4376,17.8596,-13.7414,-0.296852,0.181953,-0.208193,43.364,-23.917,23.944
1.152731,thumb,Left,1,-48.8023,56.2625,-94.3799,-0.100858,-0.257235,-1.257218,-32.322,-29.836,9.274
1.152731,index,Left,1,39.9782,-22.1419,5.3632,-0.090574,0.116342,0.653878,1.691,-48.018,24.306
1.152731,middle,Left,1,-34.1603,-52.2542,6.7461,-0.027445,0.037402,-0.302748,27.092,-58.318,26.300
1.152731,ring,Left,1,-48.3189,6.1125,-47.5502,-0.106299,0.050776,-0.261238,39.229,-48.857,28.877
1.152731,pinky,Left,1,-9.4642,15.3447,-33.0360,-0.265629,0.218746,-0.058225,43.444,-23.524,23.270
1.194192,thumb,Left,1,-57.9152,80.7575,-110.7361,-0.138510,-0.218465,-0.640132,-32.132,-29.874,10.043
1.194192,index,Left,1,17.8660,-8.1840,10.0140,-0.131748,0.086461,0.336827,1.762,-47.958,24.318
1.194192,middle,Left,1,-47.0099,-0.6203,6.3160,-0.052671,-0.019964,-0.427925,27.490,-58.129,25.958
1.194192,ring,Left,1,-38.0652,14.2780,-50.8218,-0.081930,0.042755,-0.189959,39.213,-48.613,28.689
1.194192,pinky,Left,1,-17.9328,-7.0091,-20.1766,-0.214107,0.221513,0.093524,43.227,-23.332,23.177
1.234781,thumb,Left,1,-19.6592,50.2921,-76.3869,-0.121998,-0.108164,0.054899,-31.848,-29.997,9.884
1.234781,index,Left,1,-13.2540,21.3347,-25.3365,-0.216967,0.020561,-0.567752,1.716,-47.569,23.508
1.234781,middle,Left,1,-64.1205,59.7955,-38.7419,-0.150609,-0.101790,-0.740901,27.949,-57.502,24.831
1.234781,ring,Left,1,-2.2649,40.3281,-102.8745,-0.142082,0.065051,-0.233400,38.997,-47.906,27.159
1.234781,pinky,Left,1,12.1414,-59.0868,-40.7533,-0.112528,0.302613,0.080203,42.180,-22.968,22.121
1.275305,thumb,Left,1,4.8626,15.1042,-22.0499,-0.145277,-0.075205,0.083653,-31.854,-30.404,10.032
1.275305,index,Left,1,-22.5014,-5.0059,-44.5450,-0.177275,-0.018110,-1.279900,1.674,-47.043,22.918
1.275305,middle,Left,1,-42.6660,56.6225,-63.4928,-0.170572,-0.079790,-0.677557,27.875,-57.006,23.731
1.275305,ring,Left,1,16.9154,9.9525,-88.4511,-0.146879,0.121628,-0.179798,38.539,-47.468,26.263
1.275305,pinky,Left,1,-1.2684,-71.9889,-38.2836,-0.059947,0.297508,-0.007946,41.640,-22.544,21.719
1.316850,thumb,Left,1,-24.9864,-16.2585,32.8853,-0.156005,-0.001890,0.373251,-32.812,-30.978,9.706
1.316850,index,Left,1,-14.9313,32.5688,-59.2983,-0.193264,-0.034310,-1.190529,1.179,-47.176,21.970
1.316850,middle,Left,1,-26.3632,70.4059,-53.6530,-0.192193,-0.075625,-0.594108,28.293,-57.189,22.815
1.316850,ring,Left,1,32.8339,48.0178,-91.1608,-0.182566,0.191101,-0.109786,38.921,-47.360,24.879
1.316850,pinky,Left,1,14.7808,-61.5188,-41.0609,0.039111,0.272149,-0.082604,41.231,-22.315,21.164
1.357786,thumb,Left,1,-75.3093,-2.1754,32.7795,-0.208243,0.044275,1.087926,-33.903,-31.207,9.901
1.357786,index,Left,1,17.3591,50.4374,-19.2034,-0.172519,0.001281,-0.792986,0.383,-47.633,21.525
1.357786,middle,Left,1,-1.1460,47.4173,17.3240,-0.139441,-0.034995,-0.319918,28.740,-57.780,22.726
1.357786,ring,Left,1,12.3878,22.0743,-7.3968,-0.169639,0.225287,0.049900,39.012,-47.577,24.766
1.357786,pinky,Left,1,-47.4937,-17.6863,31.6376,0.031974,0.156080,-0.053992,41.480,-22.473,21.971
1.398848,thumb,Left,1,-97.8341,-22.0869,25.8979,-0.148181,0.105083,1.796785,-34.764,-31.103,9.637
1.398848,index,Left,1,39.8320,61.4129,9.5116,-0.137330,0.040008,-0.336142,-0.312,-47.872,21.225
1.398848,middle,Left,1,-17.9301,19.5846,77.2107,-0.115721,-0.046658,-0.191797,29.398,-57.991,22.999
1.398848,ring,Left,1,-19.1975,32.0839,29.8709,-0.176909,0.192508,0.063126,39.482,-47.392,24.603
1.398848,pinky,Left,1,-60.1081,-3.6652,65.1494,0.042751,0.099143,-0.065154,41.528,-22.589,22.427
1.440374,thumb,Left,1,-69.9576,13.9351,-25.3982,-0.174488,0.154395,1.579209,-35.429,-31.214,10.667
1.440374,index,Left,1,35.6595,33.2565,63.5216,-0.061132,0.048331,-0.110814,-0.510,-48.747,21.555
1.440374,middle,Left,1,-24.4092,-31.1362,116.6773,-0.046859,-0.064496,-0.139164,30.051,-58.456,23.931
1.440374,ring,Left,1,-59.1326,-27.2633,87.1728,-0.102943,0.111144,0.009815,39.822,-47.525,25.624
1.440374,pinky,Left,1,-97.4599,8.1951,97.0757,0.111632,0.048367,-0.023243,41.766,-22.732,23.457
1.481377,thumb,Left,1,-16.3074,-7.0306,-51.4842,-0.072060,0.128366,1.299917,-35.337,-30.803,10.980
1.481377,index,Left,1,-1.0273,2.4887,93.6044,-0.129382,0.002752,-0.439875,-0.205,-49.649,21.931
1.481377,middle,Left,1,-17.5920,-25.6580,89.5541,-0.068553,-0.081684,-0.156805,30.417,-58.995,23.794
1.481377,ring,Left,1,-65.1929,-18.3851,84.9932,-0.043140,0.004241,-0.132826,40.337,-47.742,25.934
1.481377,pinky,Left,1,-56.4430,-9.6253,78.5081,0.189824,0.027298,0.002603,41.637,-23.252,23.832
1.522473,thumb,Left,1,36.5790,-13.3628,-67.9476,0.004580,0.115535,1.076124,-34.829,-30.358,11.013
1.522473,index,Left,1,-38.9305,0.9916,99.0937,-0.199822,-0.052116,-0.581547,0.099,-50.444,21.637
1.522473,middle,Left,1,13.1600,7.9918,48.5589,-0.110925,-0.048589,-0.081860,30.554,-59.479,23.070
1.522473,ring,Left,1,-15.5846,-11.0500,69.1233,-0.060821,0.016491,-0.167645,40.372,-48.202,25.259
1.522473,pinky,Left,1,-7.5075,-17.3120,58.1596,0.190420,0.112135,0.102215,41.437,-23.717,23.394
1.562873,thumb,Left,1,95.0837,-101.8958,-87.5316,0.104462,0.064754,1.202021,-33.247,-29.044,10.898
1.562873,index,Left,1,-63.3255,-17.0481,23.8817,-0.275735,-0.111554,-0.767838,0.518,-50.109,21.025
1.562873,middle,Left,1,41.5917,50.3632,-65.5317,-0.212369,0.012923,0.054896,30.076,-58.921,21.526
1.562873,ring,Left,1,43.7914,27.2572,-30.4019,-0.155905,0.024428,-0.220556,39.960,-47.853,23.742
1.562873,pinky,Left,1,70.0891,-25.2243,1.9239,0.083532,0.184994,0.141226,41.114,-23.694,22.297
1.604048,thumb,Left,1,93.2127,-81.5079,-81.4393,0.092388,0.050668,1.097818,-32.692,-28.537,11.440
1.604048,index,Left,1,-50.8693,19.2230,-34.3961,-0.279095,-0.125734,-0.469398,0.202,-50.497,20.027
1.604048,middle,Left,1,61.1727,42.4609,-102.8126,-0.238873,0.077398,0.074688,29.423,-58.879,20.512
1.604048,ring,Left,1,76.5020,33.8612,-74.7240,-0.245553,0.108502,-0.074047,39.724,-47.832,22.562
1.604048,pinky,Left,1,94.0940,-6.4941,-44.1255,0.068939,0.264588,0.220836,40.991,-23.425,21.340
1.645055,thumb,Left,1,53.8300,-26.5115,-66.8270,0.049897,-0.065528,0.569454,-32.887,-28.467,12.245
1.645055,index,Left,1,-22.1560,27.3344,-36.3737,-0.262698,-0.094680,-0.061461,-0.075,-51.267,19.583
1.645055,middle,Left,1,58.9964,5.7063,-85.8802,-0.209986,0.112684,0.072071,29.032,-59.109,20.279
1.645055,ring,Left,1,42.5522,9.3365,-61.0976,-0.243534,0.141383,0.029168,39.660,-47.903,22.401
1.645055,pinky,Left,1,58.3720,6.9253,-43.1977,0.100887,0.247092,0.211500,41.004,-23.473,21.215
1.686364,thumb,Left,1,-50.4554,72.1677,-10.1762,-0.034372,-0.164597,0.260471,-34.222,-28.674,13.372
1.686364,index,Left,1,35.2194,72.7888,39.8855,-0.241483,-0.013855,0.290090,-0.986,-53.043,19.567
1.686364,middle,Left,1,65.4577,-27.5697,29.3247,-0.115525,0.138695,-0.014206,28.626,-60.289,20.729
1.686364,ring,Left,1,16.2198,-14.2624,29.1023,-0.177101,0.202697,0.201223,39.631,-48.733,22.564
1.686364,pinky,Left,1,7.4718,18.0479,25.1832,0.147902,0.183600,0.139252,41.382,-24.373,21.540
1.727253,thumb,Left,1,-111.4469,91.2052,17.3421,-0.116917,-0.334214,-0.233719,-35.620,-28.691,14.381
1.727253,index,Left,1,41.0629,30.7256,90.5977,-0.208145,0.030264,0.410526,-1.163,-54.127,20.073
1.727253,middle,Left,1,39.9947,-57.7084,93.7821,-0.052009,0.132573,-0.055547,28.462,-61.022,21.504
1.727253,ring,Left,1,-8.4160,-44.1648,74.2650,-0.081965,0.181291,0.103653,39.400,-49.251,22.911
1.727253,pinky,Left,1,-25.7593,11.7472,78.6152,0.147483,0.027589,-0.130423,41.612,-25.115,21.872
1.768791,thumb,Left,1,-150.0564,98.4833,-15.4755,-0.277895,-0.499323,-0.324364,-37.108,-27.951,16.374
1.768791,index,Left,1,57.3062,-9.6813,87.9965,-0.174788,0.096019,0.453227,-1.767,-54.642,20.706
1.768791,middle,Left,1,41.2323,-72.5361,97.8340,-0.010454,0.133712,-0.226422,27.798,-61.478,22.133
1.768791,ring,Left,1,9.4034,-64.3781,58.2626,-0.024611,0.206391,0.133055,38.502,-49.450,22.924
1.768791,pinky,Left,1,-10.7016,-8.9427,86.2850,0.163213,-0.024133,-0.273956,41.327,-25.916,21.806
1.808781,thumb,Left,1,-146.7106,78.2553,-52.3226,-0.399558,-0.749638,-0.735160,-38.633,-27.213,18.093
1.808781,index,Left,1,30.0962,-89.9064,24.4348,-0.115861,0.154018,0.376974,-1.972,-54.278,21.357
1.808781,middle,Left,1,24.3527,-103.0707,31.9208,0.029862,0.149446,-0.243609,26.898,-61.160,22.806
1.808781,ring,Left,1,-3.3617,-85.6239,2.8114,-0.005281,0.178535,0.054987,37.681,-49.153,23.120
1.808781,pinky,Left,1,-2.4437,-40.8850,35.5887,0.134573,-0.024526,-0.330167,40.689,-26.323,21.811
1.850960,thumb,Left,1,-169.7106,64.8624,-50.2896,-0.385411,-0.855119,-0.917043,-41.226,-26.692,19.759
1.850960,index,Left,1,14.6166,-109.1308,52.1632,0.022553,0.201890,0.772012,-1.649,-55.405,23.124
1.850960,middle,Left,1,34.1775,-153.5555,24.1946,0.213591,0.126533,-0.259546,25.727,-61.055,25.023
1.850960,ring,Left,1,-27.7708,-112.7415,61.6560,0.204283,0.095480,0.052640,37.225,-50.276,25.468
1.850960,pinky,Left,1,-31.8178,-19.5419,72.4764,0.178006,-0.130759,-0.471971,41.642,-27.700,23.273
1.890475,thumb,Left,1,-164.2991,-21.8001,-40.3064,-0.390181,-1.037391,-0.721187,-43.449,-24.811,20.478
1.890475,index,Left,1,-120.6265,-277.9363,59.1683,0.380616,0.096650,0.813145,1.307,-52.902,26.606
1.890475,middle,Left,1,-53.6796,-336.0795,-31.1288,0.589663,0.001848,-0.140656,24.612,-56.934,28.616
1.890475,ring,Left,1,-181.8821,-133.3370,121.2706,0.331475,-0.276464,-0.140817,38.041,-48.972,29.061
1.890475,pinky,Left,1,-146.5146,10.5291,47.9989,0.009310,-0.489549,-0.490829,42.138,-26.698,25.394
1.931728,thumb,Left,1,-113.3161,-149.2432,2.4980,-0.174385,-0.987789,-0.785440,-45.612,-22.887,18.992
1.931728,index,Left,1,-198.6405,-291.1892,50.7521,0.496083,-0.012437,1.313125,3.591,-50.920,28.318
1.931728,middle,Left,1,-136.8503,-363.0205,-88.8366,0.717050,-0.110901,0.215570,24.229,-52.959,30.077
1.931728,ring,Left,1,-229.9063,-93.1974,136.5142,0.391598,-0.478101,-0.181818,38.908,-47.940,30.785
1.931728,pinky,Left,1,-157.7837,80.4110,50.2814,-0.196768,-0.733192,-0.820063,43.443,-26.394,25.799
1.972552,thumb,Left,1,-10.1463,-281.1329,40.9190,-0.024253,-0.876166,-0.644188,-47.551,-21.341,16.140
1.972552,index,Left,1,-228.3328,-300.0017,-99.7538,0.500954,-0.125077,1.178590,4.781,-48.148,28.466
1.972552,middle,Left,1,-201.4293,-293.1662,-214.1652,0.682845,-0.184553,0.291996,24.010,-49.397,29.926
1.972552,ring,Left,1,-237.3906,3.5867,-24.8612,0.199007,-0.554173,-0.321373,39.733,-46.409,30.163
1.972552,pinky,Left,1,-75.7271,79.4302,-89.4800,-0.293080,-0.713005,-0.874686,43.276,-25.937,24.409
2.013906,thumb,Left,1,157.0099,-335.3412,157.6625,0.366019,-0.532880,-0.622263,-48.275,-20.973,11.314
2.013906,index,Left,1,-27.0438,-17.0667,-186.2152,0.295792,-0.082706,0.789641,3.670,-48.450,26.643
2.013906,middle,Left,1,-64.3673,7.8529,-224.5658,0.475794,-0.061629,0.448434,23.568,-48.990,28.126
2.013906,ring,Left,1,-14.2016,94.8069,-132.7478,0.118074,-0.311169,-0.097673,39.137,-46.790,28.528
2.013906,pinky,Left,1,107.6713,89.4303,-64.5117,-0.216976,-0.448128,-0.828959,43.536,-27.493,23.129
2.055346,thumb,Left,1,235.5797,-141.2511,90.2513,0.331525,-0.313481,0.004230,-47.433,-21.531,11.894
2.055346,index,Left,1,92.5613,100.9414,-135.3803,0.269256,-0.040713,0.226161,3.030,-49.154,27.098
2.055346,middle,Left,1,68.0872,157.6673,-95.5381,0.387912,0.023524,0.186611,22.984,-50.192,28.057
2.055346,ring,Left,1,117.4707,76.7695,-118.9847,0.180514,-0.105303,0.011146,38.145,-47.791,28.388
2.055346,pinky,Left,1,138.8381,35.3119,-21.1536,-0.046152,-0.246190,-0.607445,43.963,-28.746,23.192
2.096798,thumb,Left,1,317.6670,41.3153,-14.4338,0.349778,-0.218135,0.123923,-45.409,-22.261,12.263
2.096798,index,Left,1,141.7772,155.1530,-38.8218,0.272093,0.034308,0.004530,2.700,-49.069,27.592
2.096798,middle,Left,1,155.5341,221.6004,41.4454,0.309808,0.094751,0.080122,22.403,-51.258,28.021
2.096798,ring,Left,1,175.1373,0.9390,-47.4634,0.248531,-0.018291,0.010881,36.875,-48.105,28.374
2.096798,pinky,Left,1,65.3647,23.2530,37.5446,-0.077375,-0.152661,-0.331563,44.371,-28.773,23.455
2.137566,thumb,Left,1,268.9658,304.7601,-209.5727,0.167026,-0.226839,0.255889,-43.461,-22.833,15.408
2.137566,index,Left,1,79.9715,34.4261,28.6689,0.259364,0.075555,-0.050735,2.857,-48.626,28.202
2.137566,middle,Left,1,139.3231,184.9134,141.2977,0.129192,0.109895,0.003235,22.394,-52.941,27.955
2.137566,ring,Left,1,116.7879,-25.8645,-11.2431,0.205049,0.018406,-0.085265,36.237,-48.386,27.863
2.137566,pinky,Left,1,-16.6009,18.3513,-5.7633,-0.123011,-0.095314,-0.270775,44.633,-28.627,23.155
2.178088,thumb,Left,1,215.6858,173.2220,-144.2664,0.200992,-0.229794,0.295308,-42.849,-22.702,14.287
2.178088,index,Left,1,28.7429,-29.8746,-35.0591,0.259987,0.081530,-0.080133,2.974,-47.279,28.343
2.178088,middle,Left,1,75.1958,119.8834,74.5954,0.102006,0.096043,-0.126859,22.079,-52.667,27.828
2.178088,ring,Left,1,47.3755,-6.8176,-60.1996,0.086447,-0.008392,-0.174640,35.882,-47.824,27.235
2.178088,pinky,Left,1,-30.7007,6.8604,-102.2461,-0.189133,-0.080178,-0.129401,44.066,-27.727,22.498
2.259819,thumb,Left,1,128.3757,147.8835,-111.7172,0.052464,-0.178838,0.429961,-42.923,-22.850,16.568
2.259819,index,Left,1,10.3501,-26.5747,-29.9109,0.234244,0.045553,-0.015357,3.555,-46.709,29.127
2.259819,middle,Left,1,34.1563,84.3001,53.0240,0.096634,0.046740,-0.127407,22.561,-52.423,28.414
2.259819,ring,Left,1,14.9601,12.2406,-47.9324,0.071639,-0.043853,-0.221588,36.108,-47.458,27.234
2.259819,pinky,Left,1,-17.8352,8.8170,-95.5270,-0.204387,-0.070649,-0.133904,44.517,-26.987,21.711
2.301664,thumb,Left,1,20.6268,55.7098,29.9194,-0.098923,-0.060202,0.265864,-44.248,-23.851,17.358
2.301664,index,Left,1,25.5987,15.1579,-9.6546,0.230471,0.017065,0.239214,3.322,-47.272,29.486
2.301664,middle,Left,1,-7.1282,32.8200,23.8101,0.121671,0.038314,-0.099735,22.842,-52.865,28.734
2.301664,ring,Left,1,-14.1886,20.4170,-12.8306,0.111666,-0.015230,-0.187206,36.240,-47.842,27.319
2.301664,pinky,Left,1,-15.8062,15.9165,-72.8027,-0.136939,0.008665,0.069158,45.041,-26.835,21.403
2.342481,thumb,Left,1,-36.0518,102.4125,89.7177,-0.147776,0.082936,-0.046626,-45.570,-25.201,16.978
2.342481,index,Left,1,55.6427,102.1070,38.9106,0.189309,0.000056,0.237324,2.775,-48.473,29.181
2.342481,middle,Left,1,-12.7761,67.0222,86.9362,0.119884,0.012881,-0.090949,23.527,-54.216,29.151
2.342481,ring,Left,1,-35.7083,24.6478,62.7837,0.174249,-0.013942,-0.099000,36.819,-48.188,28.113
2.342481,pinky,Left,1,-34.9002,27.5729,8.5531,-0.020943,0.074444,0.209776,45.488,-26.909,21.853
2.382802,thumb,Left,1,-3.0703,-7.3066,171.3916,-0.035781,0.163264,-0.488062,-46.302,-25.979,14.933
2.382802,index,Left,1,92.4712,150.4211,18.8964,0.164823,0.007970,-0.027196,1.780,-49.387,28.474
2.382802,middle,Left,1,5.4996,101.4119,105.4141,0.071788,0.031398,-0.091151,24.126,-55.541,29.218
2.382802,ring,Left,1,-26.8771,30.3911,75.5026,0.116149,0.096797,0.188629,37.250,-48.537,28.372
2.382802,pinky,Left,1,-52.4544,-10.8527,35.1406,0.080273,0.161646,0.399253,45.252,-27.025,22.483
2.424275,thumb,Left,1,88.9745,-93.1450,153.7518,0.065652,0.190543,-0.885596,-46.066,-26.456,12.860
2.424275,index,Left,1,84.0789,140.6060,-27.2966,0.137050,0.019364,-0.304188,1.048,-49.668,27.730
2.424275,middle,Left,1,-3.2399,104.5173,86.1663,0.061271,-0.010660,-0.219428,24.823,-56.291,29.171
2.424275,ring,Left,1,-42.5300,26.0735,53.1427,0.039827,0.083037,0.173874,37.675,-48.438,28.580
2.424275,pinky,Left,1,-63.4507,-50.8424,16.2273,0.066931,0.153329,0.287706,44.706,-26.618,22.798
2.465486,thumb,Left,1,99.1028,-56.6751,63.5326,-0.007539,0.136288,-1.298708,-45.998,-27.135,13.230
2.465486,index,Left,1,62.1879,112.4532,-68.8035,0.045254,0.048837,-0.223577,0.422,-50.109,26.502
2.465486,middle,Left,1,-4.1726,107.7034,27.1397,-0.020184,-0.028324,-0.265403,25.495,-57.313,28.411
2.465486,ring,Left,1,8.1790,36.4058,-2.9322,-0.012433,0.148641,0.102846,37.710,-48.753,27.849
2.465486,pinky,Left,1,-39.1545,-69.9304,-11.3563,0.070982,0.177604,0.157827,44.218,-26.493,22.929
2.505701,thumb,Left,1,61.0670,40.7802,-60.8356,-0.029274,0.007281,-1.558191,-45.102,-27.260,14.162
2.505701,index,Left,1,18.1237,63.0703,-106.2636,-0.105128,0.068188,-0.303323,0.069,-49.703,25.154
2.505701,middle,Left,1,-9.0132,84.4674,-80.9226,-0.095725,-0.012724,-0.165945,25.535,-56.889,26.786
2.505701,ring,Left,1,16.0144,18.5021,-73.9318,-0.027100,0.107115,-0.100858,37.410,-47.931,26.998
2.505701,pinky,Left,1,-29.6222,-73.2013,-48.3241,0.084215,0.101035,-0.023068,43.271,-25.924,23.229
2.547413,thumb,Left,1,-70.2481,98.2283,-122.9345,-0.118545,-0.199745,-1.524269,-45.621,-27.057,15.991
2.547413,index,Left,1,-49.3043,28.1221,-57.4555,-0.242861,0.031959,0.031387,1.132,-49.971,25.029
2.547413,middle,Left,1,-2.5512,32.6280,-132.5612,-0.138583,-0.016325,0.097967,25.275,-55.994,26.162
2.547413,ring,Left,1,39.0106,2.8829,-69.5008,-0.002232,0.053545,-0.194480,37.123,-47.983,26.884
2.547413,pinky,Left,1,11.8785,-23.8707,-28.4537,0.003459,0.071561,-0.160626,43.490,-26.012,22.590
2.588074,thumb,Left,1,-93.4070,-12.3280,-176.9042,-0.224624,-0.600110,-2.873843,-46.472,-24.811,16.979
2.588074,index,Left,1,-200.8616,-152.5214,64.6367,0.241763,0.011173,1.633063,3.663,-47.786,28.878
2.588074,middle,Left,1,-82.2728,-228.7907,-61.0908,0.244483,0.100073,1.075784,23.970,-53.386,30.723
2.588074,ring,Left,1,-132.3777,-69.0270,34.4866,-0.023320,-0.178792,0.272379,38.445,-46.601,30.640
2.588074,pinky,Left,1,-85.7181,11.3090,-2.6132,-0.248350,-0.291635,0.114121,44.133,-24.761,24.683
2.629244,thumb,Left,1,-91.3771,-175.1012,-108.7794,-0.114230,-0.648836,-2.136298,-48.857,-22.762,16.235
2.629244,index,Left,1,-261.6075,-204.0426,171.4929,0.359076,-0.091190,1.766441,5.445,-46.718,31.395
2.629244,middle,Left,1,-146.2680,-327.1986,46.1595,0.348339,0.049363,1.712337,23.180,-51.593,33.634
2.629244,ring,Left,1,-194.4871,-94.0230,162.4522,0.062840,-0.387949,0.476919,39.292,-46.102,33.813
2.629244,pinky,Left,1,-85.5367,44.6185,72.3050,-0.241329,-0.502683,0.087503,44.799,-25.077,26.038
2.670249,thumb,Left,1,38.0568,-248.9062,-21.7001,-0.008531,-0.490362,-1.764717,-50.465,-21.918,13.972
2.670249,index,Left,1,-188.5787,-245.3329,112.2002,0.420597,-0.138101,1.145334,5.272,-45.249,31.958
2.670249,middle,Left,1,-166.7210,-317.8882,50.3940,0.458248,-0.023334,1.554410,22.700,-49.476,34.474
2.670249,ring,Left,1,-215.8630,-88.3289,122.2898,0.103487,-0.420017,0.447386,39.367,-44.819,34.442
2.670249,pinky,Left,1,-131.0388,20.5904,58.8839,-0.254929,-0.609378,-0.116717,44.834,-24.280,26.761
2.711261,thumb,Left,1,136.4693,-161.6049,142.8705,0.170478,-0.014826,0.479744,-51.090,-23.744,12.210
2.711261,index,Left,1,10.2213,75.9272,-29.9285,-0.030753,-0.116415,-0.366163,3.513,-47.022,29.645
2.711261,middle,Left,1,-22.3829,76.4265,-51.2862,0.060387,-0.063264,0.437668,24.041,-51.150,31.511
2.711261,ring,Left,1,51.3253,9.2469,-62.8496,0.130087,-0.224434,-0.075727,38.298,-45.448,31.706
2.711261,pinky,Left,1,54.9771,41.0721,11.4027,-0.118078,-0.302423,-0.325951,45.051,-24.709,25.076
2.752018,thumb,Left,1,276.3790,36.0351,118.7592,0.215505,0.201829,0.627581,-48.930,-25.405,12.003
2.752018,index,Left,1,108.7253,204.7331,-130.5967,-0.090299,-0.039956,-0.849742,2.075,-47.165,28.326
2.752018,middle,Left,1,25.6526,263.7113,-98.0491,0.003870,-0.081621,-0.427995,24.562,-51.934,29.872
2.752018,ring,Left,1,206.2676,88.1034,-243.1470,-0.010202,0.044270,-0.147225,37.255,-45.059,28.480
2.752018,pinky,Left,1,113.7484,76.9433,-106.9312,-0.249306,-0.115971,-0.453096,45.082,-23.643,23.209
2.792929,thumb,Left,1,255.8752,209.2588,37.8810,0.046519,0.285360,0.511624,-47.775,-26.594,13.151
2.792929,index,Left,1,76.7160,239.7758,-33.7438,-0.081657,-0.020096,-0.333242,2.433,-48.263,28.963
2.792929,middle,Left,1,65.6909,319.5524,23.3095,-0.036915,-0.072169,-0.517870,25.044,-53.605,30.609
2.792929,ring,Left,1,211.4575,115.7377,-148.0169,-0.049921,0.039586,-0.257136,37.825,-45.685,28.740
2.792929,pinky,Left,1,113.9261,85.8918,-58.0319,-0.251638,-0.054160,-0.313190,45.844,-23.570,23.565
2.834895,thumb,Left,1,154.1926,184.9165,-130.5665,-0.202760,0.024463,-1.045031,-46.989,-25.462,14.352
2.834895,index,Left,1,-122.0125,23.1085,69.8209,0.405381,0.037157,1.521917,3.812,-46.414,31.729
2.834895,middle,Left,1,9.3336,-28.1851,144.6210,0.293208,-0.019829,-0.078983,23.936,-52.273,34.869
2.834895,ring,Left,1,-24.1382,5.6350,34.7075,-0.055236,-0.132838,0.037723,38.708,-44.784,32.377
2.834895,pinky,Left,1,-59.3334,16.6110,-18.3028,-0.248980,-0.316009,-0.108269,45.766,-22.381,25.780
2.875406,thumb,Left,1,41.6151,-43.0719,-77.1840,-0.123716,-0.077420,-1.351896,-49.298,-24.634,13.373
2.875406,index,Left,1,-204.9037,11.2436,165.2287,0.347270,-0.030384,1.827851,4.984,-46.680,33.152
2.875406,middle,Left,1,-44.0365,-143.1974,188.9116,0.285937,-0.022325,0.565029,23.828,-51.788,36.659
2.875406,ring,Left,1,-145.9186,-48.7244,258.9021,0.057784,-0.295663,0.047522,39.799,-45.313,35.370
2.875406,pinky,Left,1,-109.8761,-51.0581,112.6718,-0.032527,-0.359610,0.100279,45.877,-23.008,27.365
2.916830,thumb,Left,1,35.3134,-188.7158,-27.3887,0.015864,-0.106745,-0.897722,-50.870,-23.857,12.275
2.916830,index,Left,1,-165.4696,-24.2692,67.2085,0.276775,-0.030546,1.405782,4.731,-46.254,32.907
2.916830,middle,Left,1,-75.3476,-176.8623,69.9167,0.252764,-0.010865,0.622465,23.560,-50.792,36.947
2.916830,ring,Left,1,-135.0451,-74.0700,177.8221,0.051109,-0.226767,0.376803,39.623,-44.933,35.751
2.916830,pinky,Left,1,-67.5164,-97.5431,64.2148,0.099492,-0.327698,0.140993,45.006,-23.175,27.423
2.956969,thumb,Left,1,59.5092,-213.2416,99.6567,0.271600,0.157810,0.660154,-51.583,-23.972,10.615
2.956969,index,Left,1,-31.1152,185.2500,-20.7291,-0.252638,-0.049589,-0.432223,4.144,-47.644,31.071
2.956969,middle,Left,1,-9.7310,112.5044,-114.8948,-0.054343,-0.063495,0.054910,24.242,-50.955,33.872
2.956969,ring,Left,1,93.9304,28.7006,-24.4323,0.114397,-0.105794,-0.059001,38.607,-45.635,33.012
2.956969,pinky,Left,1,154.5830,-46.3503,36.2830,0.199973,-0.079417,-0.122399,44.774,-24.779,25.230
2.998272,thumb,Left,1,91.6017,-11.3859,-1.1663,0.101988,0.166962,1.293139,-50.970,-24.467,13.016
2.998272,index,Left,1,28.9706,236.1407,-97.8242,-0.351930,-0.059553,-0.837264,3.717,-48.489,29.637
2.998272,middle,Left,1,36.0209,250.1830,-137.0088,-0.185318,-0.033562,-0.492715,24.966,-52.669,31.979
2.998272,ring,Left,1,221.4817,109.2521,-190.4773,-0.059896,0.108160,-0.066739,38.342,-46.417,30.058
2.998272,pinky,Left,1,226.5142,31.3191,-56.6146,0.062186,0.129771,-0.076946,45.206,-24.910,23.047
3.038901,thumb,Left,1,137.2033,150.0616,-140.6027,0.032006,0.145747,1.295014,-48.653,-23.999,15.814
3.038901,index,Left,1,13.0321,205.0461,-70.1670,-0.258021,-0.004996,-0.209418,3.809,-48.434,29.270
3.038901,middle,Left,1,67.5717,328.0147,-59.2578,-0.300482,0.012903,-0.523959,25.708,-54.774,30.851
3.038901,ring,Left,1,234.5926,139.3622,-159.0618,-0.158979,0.160991,0.025027,38.408,-47.205,28.915
3.038901,pinky,Left,1,210.6161,84.8351,-42.2233,0.024670,0.239856,0.210374,45.647,-25.147,22.084
3.080576,thumb,Left,1,105.9520,241.8097,-209.7027,0.005925,0.056790,1.036549,-47.538,-24.139,17.702
3.080576,index,Left,1,-4.4175,92.2105,-82.4045,-0.245450,0.049954,0.015950,3.110,-47.993,28.115
3.080576,middle,Left,1,81.2429,243.0259,2.2600,-0.380806,0.030092,-0.582010,25.936,-55.870,28.816
3.080576,ring,Left,1,125.7889,114.9871,-90.2915,-0.205173,0.194365,0.072551,38.536,-47.521,27.472
3.080576,pinky,Left,1,87.2741,79.5347,-67.5885,0.065551,0.290694,0.199051,45.594,-24.877,21.056
3.121681,thumb,Left,1,144.6989,101.7616,-127.2619,0.100332,0.069804,0.596715,-46.738,-24.306,17.156
3.121681,index,Left,1,-14.4351,-13.5495,-49.9934,-0.090709,0.090669,0.169911,2.530,-47.420,28.453
3.121681,middle,Left,1,63.5336,90.3228,20.3596,-0.258478,0.077013,-0.394569,25.623,-56.393,29.105
3.121681,ring,Left,1,-1.9332,11.4654,6.1655,-0.074326,0.164096,0.178564,38.417,-47.477,28.297
3.121681,pinky,Left,1,-27.9742,-4.2113,-1.3493,0.194908,0.223635,0.228179,45.159,-25.157,22.064
3.163329,thumb,Left,1,107.4043,-14.6099,58.0715,0.182144,0.079234,0.226187,-47.324,-25.102,16.391
3.163329,index,Left,1,28.1520,-15.2108,-29.4981,-0.130792,0.124221,0.046007,1.643,-47.717,28.335
3.163329,middle,Left,1,39.3236,-1.1789,-11.3320,-0.203243,0.030487,-0.441436,25.640,-56.836,28.821
3.163329,ring,Left,1,-46.2551,-18.4961,4.5310,0.013481,0.119271,0.011490,38.509,-47.315,28.090
3.163329,pinky,Left,1,-49.4455,-44.6129,4.3838,0.275178,0.240225,0.132666,44.736,-25.378,22.027
3.243880,thumb,Left,1,93.3892,-43.9200,82.0746,0.159161,0.092484,-0.000782,-47.339,-25.837,15.863
3.243880,index,Left,1,14.5444,-12.5933,4.0353,-0.129791,0.130135,0.230395,1.400,-48.382,28.179
3.243880,middle,Left,1,20.0990,-37.7864,7.1628,-0.177798,0.018748,-0.341798,25.917,-57.435,28.661
3.243880,ring,Left,1,-54.0786,-32.4359,17.0258,0.031970,0.079789,-0.081658,38.631,-47.236,27.931
3.243880,pinky,Left,1,-53.9479,-43.0094,19.5775,0.222459,0.213981,0.084341,44.664,-25.549,22.147
3.285046,thumb,Left,1,26.7433,9.8226,8.1352,0.073821,-0.090459,-0.170008,-46.308,-25.527,17.472
3.285046,index,Left,1,-23.2242,34.5038,-2.9713,-0.266133,0.123148,-0.004353,1.910,-48.234,27.667
3.285046,middle,Left,1,-1.6843,-25.1148,-68.3471,-0.229247,-0.045439,-0.354692,25.514,-56.553,27.615
3.285046,ring,Left,1,-11.5139,-8.4787,-55.3419,0.004180,0.023249,-0.149606,37.961,-46.671,26.928
3.285046,pinky,Left,1,21.4955,5.4430,-30.5613,0.003270,0.213570,-0.083268,44.470,-25.509,20.932
3.325465,thumb,Left,1,29.6228,-34.9713,-43.6128,-0.119771,-0.404055,-2.230785,-46.788,-24.673,16.683
3.325465,index,Left,1,-173.8319,-48.6879,66.0989,0.260453,-0.038426,1.156376,3.754,-46.633,30.698
3.325465,middle,Left,1,-38.2364,-212.7682,4.9669,0.083228,0.096020,0.466883,23.999,-54.985,31.688
3.325465,ring,Left,1,-110.7893,-92.1059,65.4260,-0.035765,-0.079107,0.359151,38.232,-46.109,30.921
3.325465,pinky,Left,1,-99.2947,0.6778,-2.8470,-0.218280,-0.131183,0.039318,44.529,-24.519,23.497
3.367172,thumb,Left,1,68.7396,-122.9202,-21.0986,0.040437,-0.468952,-2.775489,-48.396,-23.443,14.831
3.367172,index,Left,1,-246.0530,-84.7761,99.4601,0.440639,-0.186125,1.276163,5.499,-45.460,32.831
3.367172,middle,Left,1,-84.5794,-284.9985,56.7888,0.164533,0.155119,1.489270,23.183,-54.108,34.849
3.367172,ring,Left,1,-172.4688,-116.4125,160.8445,-0.065748,-0.208237,0.759096,38.992,-46.118,34.521
3.367172,pinky,Left,1,-140.0312,-21.9313,41.8484,-0.268247,-0.293034,0.195571,44.573,-24.708,25.597
3.407567,thumb,Left,1,261.7705,-138.4804,133.2855,0.151567,-0.385409,-4.005060,-49.977,-23.088,10.634
3.407567,index,Left,1,-266.1260,-131.7224,63.3041,0.587895,-0.280343,1.257934,6.409,-43.149,33.117
3.407567,middle,Left,1,-170.2149,-269.1922,55.9843,0.133093,0.183219,2.311495,23.180,-51.389,35.771
3.407567,ring,Left,1,-211.6800,-74.9798,223.5042,-0.265846,-0.178860,1.258392,39.989,-45.690,36.004
3.407567,pinky,Left,1,-171.8071,-64.4220,45.2515,-0.281247,-0.381370,0.171191,43.564,-24.349,26.069
3.448843,thumb,Left,1,231.2958,-64.5004,142.9329,0.088699,-0.053197,-2.288811,-49.958,-23.427,8.909
3.448843,index,Left,1,-81.1094,20.2295,-74.2896,0.143513,-0.187444,0.439477,6.341,-43.466,31.292
3.448843,middle,Left,1,-47.3940,29.8233,-46.2839,-0.242713,0.143399,1.502981,24.819,-51.295,33.815
3.448843,ring,Left,1,-35.5407,41.6489,60.7977,-0.294379,-0.151464,0.726437,40.414,-45.843,34.888
3.448843,pinky,Left,1,32.2990,-55.9527,16.3484,-0.127189,-0.155622,0.246995,43.104,-25.529,24.945
3.489394,thumb,Left,1,105.5817,89.8721,65.0496,-0.015053,0.059968,-0.952151,-49.111,-24.203,9.901
3.489394,index,Left,1,60.4405,111.3879,-99.2052,-0.021875,-0.099609,0.559661,6.418,-44.778,30.644
3.489394,middle,Left,1,49.4238,216.4485,-30.3419,-0.342832,0.148248,0.771613,26.293,-53.322,33.175
3.489394,ring,Left,1,99.1327,91.6239,-21.7633,-0.295004,0.007591,0.859418,40.951,-47.006,34.698
3.489394,pinky,Left,1,104.3847,-23.2381,-6.0266,0.017911,-0.074412,0.237517,43.357,-26.303,25.020
3.531442,thumb,Left,1,-9.1008,286.6189,-92.1249,-0.107801,0.290195,1.086707,-47.467,-25.154,11.907
3.531442,index,Left,1,170.5420,198.1480,5.3239,-0.216137,-0.036948,0.184052,6.221,-47.086,30.328
3.531442,middle,Left,1,160.7103,331.5910,116.7887,-0.325212,0.075185,-0.256807,27.645,-56.673,32.742
3.531442,ring,Left,1,175.9137,97.4188,-38.0778,-0.152547,0.017512,0.248854,41.431,-48.132,34.122
3.531442,pinky,Left,1,102.1455,35.2554,32.8866,0.200788,0.030048,0.299069,43.988,-26.567,25.282
3.571368,thumb,Left,1,-40.4439,337.6323,-202.6531,-0.009565,0.302318,1.576438,-45.366,-25.106,13.756
3.571368,index,Left,1,150.9653,127.5601,33.6054,-0.307688,0.080674,0.033168,5.657,-47.526,29.509
3.571368,middle,Left,1,206.0423,245.8870,132.4138,-0.281016,0.093933,-0.489852,27.821,-58.114,31.279
3.571368,ring,Left,1,177.3250,64.4004,-48.0180,-0.074684,0.073191,0.000699,41.080,-48.606,32.445
3.571368,pinky,Left,1,27.8353,51.9631,0.1206,0.225001,0.058461,0.143478,43.915,-26.350,24.818
3.612694,thumb,Left,1,20.0519,243.6679,-222.7299,0.081655,0.250077,1.838911,-42.831,-24.597,14.336
3.612694,index,Left,1,136.2606,65.5075,-79.8153,-0.572183,0.162040,-0.941795,4.661,-46.450,27.612
3.612694,middle,Left,1,166.3070,170.5577,-79.0103,-0.325722,-0.003700,-1.029959,27.480,-56.584,28.065
3.612694,ring,Left,1,158.2207,50.3091,-196.7974,-0.074961,0.034583,-0.535850,40.085,-47.360,29.362
3.612694,pinky,Left,1,52.8407,8.3683,-114.1073,0.175560,0.143978,0.045287,42.284,-25.447,23.031
3.654261,thumb,Left,1,9.9235,122.2814,-179.2897,0.106420,0.153772,1.606755,-41.846,-24.151,15.205
3.654261,index,Left,1,77.3511,-18.0431,-119.1435,-0.526709,0.178753,-0.458409,4.487,-46.306,27.719
3.654261,middle,Left,1,111.5474,48.1432,-170.4629,-0.280098,-0.020749,-0.939409,27.380,-56.548,27.656
3.654261,ring,Left,1,86.0231,-8.4456,-184.9862,-0.030055,-0.031811,-0.582616,39.869,-46.991,29.521
3.654261,pinky,Left,1,16.6376,-32.2014,-108.7698,0.133232,0.072957,0.067520,41.848,-25.257,23.867
3.695787,thumb,Left,1,-27.1381,66.9451,-86.1600,0.053769,0.178426,1.491727,-41.380,-24.349,16.327
3.695787,index,Left,1,37.7225,-30.8235,-65.8923,-0.492811,0.155021,-0.164236,4.484,-46.844,27.763
3.695787,middle,Left,1,50.9493,-9.8030,-140.2535,-0.279096,-0.060227,-0.880770,27.851,-56.842,27.145
3.695787,ring,Left,1,19.0466,-21.0903,-115.2785,-0.010238,-0.077060,-0.760483,40.217,-47.025,29.115
3.695787,pinky,Left,1,-3.1115,-29.8424,-66.7475,0.140104,0.004581,-0.124119,41.897,-25.231,24.026
3.736500,thumb,Left,1,-110.7146,83.8419,-22.1999,-0.092718,0.167560,1.334810,-41.118,-24.627,17.997
3.736500,index,Left,1,-4.5040,-56.0775,60.1869,-0.298095,0.072744,-0.771142,4.685,-47.020,28.405
3.736500,middle,Left,1,36.1619,-73.4739,41.2626,-0.203467,-0.053558,-0.662956,28.197,-57.114,27.667
3.736500,ring,Left,1,-27.4899,-32.2129,39.5059,0.014447,-0.039824,-0.575812,40.587,-47.095,28.993
3.736500,pinky,Left,1,-54.5012,33.6848,32.9508,0.088650,-0.027131,-0.165147,42.517,-24.946,23.999
3.818234,thumb,Left,1,-94.8494,53.5241,7.6911,-0.036244,0.124786,1.135880,-41.321,-24.432,17.782
3.818234,index,Left,1,-2.9033,-42.0105,51.3857,-0.259534,0.067497,-0.518529,4.400,-47.171,28.623
3.818234,middle,Left,1,28.3245,-60.2201,43.5067,-0.187420,-0.036622,-0.509271,28.344,-57.678,27.642
3.818234,ring,Left,1,-15.5899,-16.5266,36.1567,0.011504,-0.032799,-0.514876,40.639,-47.362,28.794
3.818234,pinky,Left,1,-25.4088,37.7485,26.1418,0.070673,-0.006962,-0.126156,42.470,-25.329,23.837
3.858354,thumb,Left,1,-76.6391,-7.2459,74.5967,0.017670,0.084978,0.816711,-42.023,-24.922,17.200
3.858354,index,Left,1,1.6896,-24.8619,38.7025,-0.277535,0.034590,-0.468084,4.339,-47.810,28.467
3.858354,middle,Left,1,36.1939,-57.0428,54.7802,-0.173476,-0.044249,-0.488952,28.599,-58.366,27.576
3.858354,ring,Left,1,-10.4219,-27.3535,68.4964,0.016390,-0.030957,-0.505057,41.000,-47.963,29.243
3.858354,pinky,Left,1,-14.8021,25.9230,34.6572,0.098606,0.055841,0.012016,42.524,-25.667,24.070
3.899867,thumb,Left,1,-25.8107,-98.5526,146.8687,0.144629,0.099365,0.510867,-42.750,-25.217,15.634
3.899867,index,Left,1,31.6135,9.9055,18.7231,-0.321225,0.059671,0.797495,4.136,-48.498,28.183
3.899867,middle,Left,1,46.7673,-26.0238,41.4873,-0.154419,-0.056210,-0.541663,28.730,-59.088,27.634
3.899867,ring,Left,1,0.9156,-36.8662,77.0571,0.049340,-0.035248,-0.542306,41.132,-48.461,29.663
3.899867,pinky,Left,1,-12.8486,-14.6572,57.8214,0.126236,0.058762,-0.013695,42.565,-26.201,24.685
3.940611,thumb,Left,1,-34.0731,-58.7039,108.2368,0.029335,0.074020,0.369542,-42.879,-25.239,16.160
3.940611,index,Left,1,17.9961,15.1971,9.4486,-0.216334,0.010247,-0.438380,4.184,-48.531,28.076
3.940611,middle,Left,1,35.5158,-43.5786,18.7041,-0.051235,-0.035362,-0.425243,28.501,-58.805,27.831
3.940611,ring,Left,1,-0.9936,-36.9851,60.8001,0.088707,0.018732,-0.328875,41.038,-48.496,29.678
3.940611,pinky,Left,1,-10.4199,-1.5581,31.2812,0.150418,0.084008,0.011512,42.658,-26.030,24.361
3.981733,thumb,Left,1,-22.5651,-56.1078,32.4774,0.043169,0.030405,0.253343,-42.833,-24.679,16.050
3.981733,index,Left,1,13.2308,4.6030,-30.0093,-0.228462,0.060210,0.567238,3.895,-48.368,27.441
3.981733,middle,Left,1,31.4038,-39.8108,-33.5376,-0.079285,-0.013160,-0.392270,28.233,-58.624,27.078
3.981733,ring,Left,1,12.2195,-27.1459,-9.6404,0.059701,0.057621,-0.221003,40.815,-48.381,28.950
3.981733,pinky,Left,1,13.7730,4.6434,-7.0810,0.087243,0.118573,-0.011149,42.529,-25.981,23.701
4.022732,thumb,Left,1,-10.1623,-13.1774,-41.1448,0.055194,0.008901,0.205953,-42.287,-24.445,15.797
4.022732,index,Left,1,-13.0264,-14.2451,-77.3240,-0.211337,0.060060,-0.079108,3.864,-47.588,26.706
4.022732,middle,Left,1,15.0219,-21.3343,-96.7342,-0.137641,-0.010247,-0.423056,28.072,-58.103,25.858
4.022732,ring,Left,1,24.1050,5.9250,-82.4804,-0.065954,0.076584,-0.217199,40.652,-48.043,27.522
4.022732,pinky,Left,1,58.7124,5.3742,-79.7259,0.002920,0.169526,-0.032048,41.838,-25.603,22.416
4.063800,thumb,Left,1,42.2416,-54.8509,-0.3311,0.141368,0.019484,-0.218004,-42.193,-24.397,14.455
4.063800,index,Left,1,-6.8576,-15.8486,-82.5876,-0.183661,0.061784,0.258287,3.694,-47.203,26.327
4.063800,middle,Left,1,7.2371,23.0091,-87.4347,-0.168315,-0.029093,-0.498787,28.182,-58.107,25.104
4.063800,ring,Left,1,21.8520,38.7210,-93.4502,-0.145101,0.050221,-0.282869,40.907,-47.889,26.504
4.063800,pinky,Left,1,57.1916,-7.3073,-70.7622,-0.050585,0.140549,-0.124831,41.564,-25.494,21.876
4.105846,thumb,Left,1,87.5077,-56.0347,-10.4353,0.224665,0.003566,-0.282947,-40.987,-23.625,13.436
4.105846,index,Left,1,-29.9046,-36.0432,-101.6952,-0.182605,0.042429,-1.291479,3.816,-45.815,25.508
4.105846,middle,Left,1,-4.5883,24.8673,-97.3319,-0.202461,-0.020861,-0.387410,27.946,-57.355,23.776
4.105846,ring,Left,1,30.4171,40.6006,-118.5904,-0.208642,0.056919,-0.287107,40.249,-47.277,24.708
4.105846,pinky,Left,1,56.1493,-27.0665,-81.8616,-0.122827,0.167241,-0.122080,40.631,-25.183,20.839
4.146325,thumb,Left,1,85.1818,-65.2956,-12.2339,0.226020,-0.032210,-0.508177,-40.286,-22.991,12.726
4.146325,index,Left,1,-26.3366,-25.6041,-86.1320,-0.193508,0.018309,-1.920414,3.812,-45.004,24.637
4.146325,middle,Left,1,-5.4610,6.5496,-77.8573,-0.204418,-0.013493,-0.308350,27.722,-56.656,22.838
4.146325,ring,Left,1,27.3234,14.8839,-96.4772,-0.207665,0.103203,-0.125218,39.721,-46.858,23.526
4.146325,pinky,Left,1,30.9655,-20.1963,-50.3055,-0.153945,0.171859,-0.105675,40.170,-24.929,20.012
4.186597,thumb,Left,1,74.4142,-40.4033,-82.2022,0.224860,-0.070011,-0.374643,-38.988,-22.088,12.420
4.186597,index,Left,1,-37.6866,-33.2256,-104.5305,-0.226988,-0.042471,-3.267892,3.968,-43.828,23.746
4.186597,middle,Left,1,-1.5316,6.0228,-108.7982,-0.239896,0.000035,-0.180649,27.367,-55.873,21.425
4.186597,ring,Left,1,46.7453,-8.3127,-113.0230,-0.233879,0.142655,0.020172,38.954,-46.389,22.044
4.186597,pinky,Left,1,51.8056,-27.8791,-57.6443,-0.212298,0.218392,-0.060795,39.385,-24.882,18.833
4.227984,thumb,Left,1,29.6906,-10.3398,-63.1504,0.164246,-0.099876,-0.751186,-38.158,-21.766,12.186
4.227984,index,Left,1,-12.4412,-26.0568,-56.1321,-0.192751,-0.030202,-2.900975,3.830,-42.927,23.590
4.227984,middle,Left,1,-9.0869,-44.2560,-69.1169,-0.186153,-0.012795,-0.232004,27.095,-54.752,21.421
4.227984,ring,Left,1,12.1446,-24.1705,-76.0754,-0.249321,0.164169,0.117357,38.484,-45.526,21.089
4.227984,pinky,Left,1,37.7796,-8.9051,-46.3685,-0.249306,0.222484,-0.095698,38.788,-24.425,17.779
4.270064,thumb,Left,1,10.2539,4.7430,-63.4991,0.143967,-0.108299,-0.811223,-37.329,-21.153,12.043
4.270064,index,Left,1,9.9286,-43.4223,-16.6272,-0.109314,-0.015298,-2.590228,3.860,-42.169,23.777
4.270064,middle,Left,1,-0.4795,-63.9363,-27.7179,-0.118050,0.024817,-0.026215,26.709,-54.281,21.472
4.270064,ring,Left,1,-6.3413,-42.2824,-33.6179,-0.216603,0.156700,0.195107,37.977,-45.212,20.889
4.270064,pinky,Left,1,21.7905,-22.4339,-25.3031,-0.212523,0.273757,0.109650,38.096,-24.442,17.354
4.309968,thumb,Left,1,-47.0645,18.2913,8.7927,0.045244,-0.126096,-1.066631,-37.544,-21.472,12.141
4.309968,index,Left,1,12.5053,-3.8873,30.5124,-0.098354,-0.045269,-2.329712,3.711,-42.216,23.194
4.309968,middle,Left,1,-4.6218,-83.5254,21.0156,-0.085727,0.020881,-0.107127,26.563,-53.830,21.307
4.309968,ring,Left,1,-30.8980,-49.4012,20.0850,-0.196938,0.193198,0.252303,37.666,-45.094,20.628
4.309968,pinky,Left,1,-27.3601,-6.0803,-10.2310,-0.197218,0.270109,0.187818,37.791,-24.022,17.144
4.350284,thumb,Left,1,-86.0324,5.4478,54.9664,-0.007330,-0.122426,-1.120762,-38.254,-21.822,12.158
4.350284,index,Left,1,-20.7725,33.6912,64.8632,-0.038654,-0.090638,-2.231246,3.779,-42.825,22.741
4.350284,middle,Left,1,16.4397,-22.2466,59.4695,-0.068469,0.027818,-0.108016,26.577,-54.266,21.003
4.350284,ring,Left,1,-19.8793,-41.9289,85.1529,-0.178769,0.213368,0.307043,37.667,-45.565,20.659
4.350284,pinky,Left,1,-56.6328,-4.9420,29.7384,-0.100260,0.288673,0.383932,37.638,-23.998,17.217
